prompt,chosen,rejected
"ANALYSIS
persona_summary: Persona 101 prefers a friendly, concise tone.
product_summary: Product 1001 should highlight key benefits.
key_preferences:
- clear benefits
- friendly tone
- purpose: repurchase
key_constraints:
- title <= 40 chars
- body <= 350 chars","title: Product 1001 should high #1
body: Persona 101 prefers a friendly, concise tone. Product 1001 should highlight key benefits. Focus on clear benefits, friendly tone, purpose: repurchase.","title: Product 1001 should high #2
body: Persona 101 prefers a friendly, concise tone. Product 1001 should highlight key benefits. Focus on clear benefits, friendly tone, purpose: repurchase."
"ANALYSIS
persona_summary: Persona 101 prefers a friendly, concise tone.
product_summary: Product 1001 should highlight key benefits.
key_preferences:
- clear benefits
- friendly tone
- purpose: repurchase
key_constraints:
- title <= 40 chars
- body <= 350 chars","title: Product 1001 should high #1
body: Persona 101 prefers a friendly, concise tone. Product 1001 should highlight key benefits. Focus on clear benefits, friendly tone, purpose: repurchase.","title: Product 1001 should high #3
body: Persona 101 prefers a friendly, concise tone. Product 1001 should highlight key benefits. Focus on clear benefits, friendly tone, purpose: repurchase."
"ANALYSIS
persona_summary: Persona 101 prefers a friendly, concise tone.
product_summary: Product 1001 should highlight key benefits.
key_preferences:
- clear benefits
- friendly tone
- purpose: repurchase
key_constraints:
- title <= 40 chars
- body <= 350 chars","title: Product 1001 should high #1
body: Persona 101 prefers a friendly, concise tone. Product 1001 should highlight key benefits. Focus on clear benefits, friendly tone, purpose: repurchase.","title: Product 1001 should high #4
body: Persona 101 prefers a friendly, concise tone. Product 1001 should highlight key benefits. Focus on clear benefits, friendly tone, purpose: repurchase."
"ANALYSIS
persona_summary: Persona 202 prefers a friendly, concise tone.
product_summary: Product 2002 should highlight key benefits.
key_preferences:
- clear benefits
- friendly tone
- purpose: cross_sell
key_constraints:
- title <= 40 chars
- body <= 350 chars
- event: limited time offer","title: Product 2002 should high #1
body: Persona 202 prefers a friendly, concise tone. Product 2002 should highlight key benefits. Focus on clear benefits, friendly tone, purpose: cross_sell.","title: Product 2002 should high #2
body: Persona 202 prefers a friendly, concise tone. Product 2002 should highlight key benefits. Focus on clear benefits, friendly tone, purpose: cross_sell."
"ANALYSIS
persona_summary: Persona 202 prefers a friendly, concise tone.
product_summary: Product 2002 should highlight key benefits.
key_preferences:
- clear benefits
- friendly tone
- purpose: cross_sell
key_constraints:
- title <= 40 chars
- body <= 350 chars
- event: limited time offer","title: Product 2002 should high #1
body: Persona 202 prefers a friendly, concise tone. Product 2002 should highlight key benefits. Focus on clear benefits, friendly tone, purpose: cross_sell.","title: Product 2002 should high #3
body: Persona 202 prefers a friendly, concise tone. Product 2002 should highlight key benefits. Focus on clear benefits, friendly tone, purpose: cross_sell."
"ANALYSIS
persona_summary: Persona 202 prefers a friendly, concise tone.
product_summary: Product 2002 should highlight key benefits.
key_preferences:
- clear benefits
- friendly tone
- purpose: cross_sell
key_constraints:
- title <= 40 chars
- body <= 350 chars
- event: limited time offer","title: Product 2002 should high #1
body: Persona 202 prefers a friendly, concise tone. Product 2002 should highlight key benefits. Focus on clear benefits, friendly tone, purpose: cross_sell.","title: Product 2002 should high #4
body: Persona 202 prefers a friendly, concise tone. Product 2002 should highlight key benefits. Focus on clear benefits, friendly tone, purpose: cross_sell."
